UserName,Email,Password,PasswordConfirmation
^pP7Qfk7eh78Z3CnL$,phuong.emard@gmail.com,PApUGxc6$,PApUGxc6$
^809TN3Su9Cc272GuW$,ardith.lind@yahoo.com,P117ehyR$,P117ehyR$
^uOGmKbw4$,ariel.armstrong@gmail.com,h8KhpyNap8$,h8KhpyNap8$
^41szA3SX2aB$,korey.terry@yahoo.com,wZJPjW36$,wZJPjW36$
^s3783U80$,len.osinski@yahoo.com,Ce1QX5G7V$,Ce1QX5G7V$
^xu18pf89wmX$,alden.welch@yahoo.com,7j1edFH3g0$,7j1edFH3g0$
^3DNN6Sw8U$,qiana.hartmann@yahoo.com,4vR1Hs1V7Sfj$,4vR1Hs1V7Sfj$
^4kpgw31M5n$,domenic.fahey@gmail.com,11WZv7YAxjRLy$,11WZv7YAxjRLy$
^RzglNcSr3bou$,mellisa.oreilly@gmail.com,cdoNiuZS1XmkS$,cdoNiuZS1XmkS$
^93gKg594hY51$,freeman.kirlin@hotmail.com,na08a88ZQ$,na08a88ZQ$
